{"data":{"X0.99":[37.22,50.74,4.94,80.2999999999999,187.72,37.48,28.48,25.72,393.709999999999,43.6999999999999,29.88,81.96,62.74,59.0600000000001,492.080000000001,77.2100000000002,49.12,234.26,48.3,92.78,127.25,43.7999999999999,189.419999999986,94.6300000000001,1410.12,123.48,126.85,115.6,53.7300000000001,75.8,114.65,71.0999999999999,61.85,111.44,65.16,96.2600000000002,242.13,131.49,109.09,89.9700000000001,221.7,56.81,63.2799999999999,84.5099999999998,151.73,263.599999999998,279.1,137.03,244.2,118.159999999999,116.2,141.640000000001,78.1600000000001,77.57,163.680000000001,456,168.649999999999,125.15,89.4400000000001,220.1,125.5,70.7000000000002,99.9899999999999,66.4400000000001,114.649999999999,91.6800000000003,206.41,86.5600000000001,145.1,68.8400000000002,99,129.6,206.150000000003,297.759999999994,108.23,84.4999999999999,390.379999999997,114.64,92.2999999999999,428.119999999999,110.02,324.7,115.78,63.36,158.5,212.069999999999,247.08,691.199999999999,170.6,236.080000000001,236.440000000001,407.610000000002,125.96,240.28,188.16,105.79,283.089999999999,319.040000000001,327.34,171.999999999999,688.239999999998,98.45,184.88,268.84,2099.66000000002,583.36,906.359999999999,135.6,246.72,444.099999999995,288.76,223.36,389.350000000002,232.56,355.7,904,360.82,158.08,369.28,233.32,203.86,554.360000000001,356.159999999999,1186,791.470000000003,636.699999999999,869.479999999994,496,375.719999999999,383.46,2309.40000000001,1082,2180.40000000003,1907.44,1517.09999999999,1701.72,666.200000000001,623.690000000004,227.2],"X0.95":[22.1,45.7,4.7,21,126.6,23.4,22.4,20.6,164.549999999999,22.5,20.1,18,28.35,20.9999999999999,19.2,19.9,25.1,29.5999999999999,18.6,16.75,29.25,13.6,11.05,32.5499999999999,28.3999999999999,27.2,62.75,41,25.15,31,46.5,21.55,28.9,41.2,29.6,24.4499999999999,30.45,84.5499999999996,24.35,31.1,34.9,23.7,32.4,37,56.5999999999999,64,77,35.85,52.9499999999998,22.7,30.4,42.8,24.9,20,34,41.5,39,31.75,34.45,45.3999999999995,19.75,32,32.6,27.1,45.35,34.4,64.4499999999999,40.7999999999999,32,25,36.4999999999999,35.6,40.2999999999999,54.1999999999997,57.45,26,58.7,42.5999999999999,39.7999999999999,54.4,52.7999999999997,119.6,42.6999999999999,24.3999999999999,37.95,43.1,98.8,265,77.5,93.4999999999998,35.8499999999999,38.3499999999997,33,76.3999999999997,32.2,25,55.3,53.5999999999999,95.3999999999999,34.6999999999998,93.2,37,73.35,49.75,133.1,97.8,64.2499999999995,40,68.1000000000001,56.9499999999998,52.9,80.6,79.5,86.1999999999992,92.1499999999998,170,125.049999999999,46.4000000000001,90.7499999999999,82.1999999999996,105,67.4999999999999,54.9,505,228.749999999998,183.599999999999,124.6,309.5,208,144,189.4,214.45,194.5,464.399999999997,187.25,333.9,526,143.65,72.6],"X0.5":[2,1,0,1,2,2,2,2,1,1,0,1,0,2,1,0,1,1,2,0,0,0,1,1,1,1,2.5,1,2,1,1,1,1,2,2,1,1,1,1,2,2,2,2,3,2.5,3,2,1,1,1,0,1,1,1,1,2,1,2,1,1,0,1,1,1,1,1,1,1,1,1,1,1,1,1,1,1,2,1,1,2,1,1,1,1,0,2,1,1,2,1.5,1,1,1,1,2,2.5,1,1,3,1,1,1,1.5,2,2,2,2,1,1,1,1,1,1.5,2,2,2,1,0,1,1,1,1,1,1,2,1,1,1,1,1.5,1,1,0,1,1,1,1.5,0,1],"X0.25":[0.5,0,0,0,0,0,0,0,0,0,0,0,0,0,0,0,0,0,0,0,0,0,0,0,0,0,1,0,0,0,0,0,0,0,0,0,0,0,0,0,0,0,0,0,0,0,0,0,0,0,0,0,0,0,0,0,0,0,0,0,0,0,0,0,0,0,0,0,0,0,0,0,0,0,0,0,0,0,0,0,0,0,0,0,0,0,0,0,0,0,0,0,0,0,0,0,0,0,0,0,0,0,0,0,0,0,0,0,0,0,0,0,0,0,0,0,0,0,0,0,0,0,0,0,0,0,0,0,0,0,0,0,0,0,0,0,0,0,0],"period":[24026,24027,24028,24029,24030,24031,24032,24033,24034,24035,24036,24037,24038,24039,24040,24041,24042,24043,24044,24045,24046,24047,24048,24049,24050,24051,24052,24053,24054,24055,24056,24057,24058,24059,24060,24061,24062,24063,24064,24065,24066,24067,24068,24069,24070,24071,24072,24073,24074,24075,24076,24077,24078,24079,24080,24081,24082,24083,24084,24085,24086,24087,24088,24089,24090,24091,24092,24093,24094,24095,24096,24097,24098,24099,24100,24101,24102,24103,24104,24105,24106,24107,24108,24109,24110,24111,24112,24113,24114,24115,24116,24117,24118,24119,24120,24121,24122,24123,24124,24125,24126,24127,24128,24129,24130,24131,24132,24133,24134,24135,24136,24137,24138,24139,24140,24141,24142,24143,24144,24145,24146,24147,24148,24149,24150,24151,24152,24153,24154,24155,24156,24157,24158,24159,24160,24161,24162,24163,24164],"year":[2002,2002,2002,2002,2002,2002,2002,2002,2002,2003,2003,2003,2003,2003,2003,2003,2003,2003,2003,2003,2003,2004,2004,2004,2004,2004,2004,2004,2004,2004,2004,2004,2004,2005,2005,2005,2005,2005,2005,2005,2005,2005,2005,2005,2005,2006,2006,2006,2006,2006,2006,2006,2006,2006,2006,2006,2006,2007,2007,2007,2007,2007,2007,2007,2007,2007,2007,2007,2007,2008,2008,2008,2008,2008,2008,2008,2008,2008,2008,2008,2008,2009,2009,2009,2009,2009,2009,2009,2009,2009,2009,2009,2009,2010,2010,2010,2010,2010,2010,2010,2010,2010,2010,2010,2010,2011,2011,2011,2011,2011,2011,2011,2011,2011,2011,2011,2011,2012,2012,2012,2012,2012,2012,2012,2012,2012,2012,2012,2012,2013,2013,2013,2013,2013,2013,2013,2013,2013,2013],"month":[4,5,6,7,8,9,10,11,12,1,2,3,4,5,6,7,8,9,10,11,12,1,2,3,4,5,6,7,8,9,10,11,12,1,2,3,4,5,6,7,8,9,10,11,12,1,2,3,4,5,6,7,8,9,10,11,12,1,2,3,4,5,6,7,8,9,10,11,12,1,2,3,4,5,6,7,8,9,10,11,12,1,2,3,4,5,6,7,8,9,10,11,12,1,2,3,4,5,6,7,8,9,10,11,12,1,2,3,4,5,6,7,8,9,10,11,12,1,2,3,4,5,6,7,8,9,10,11,12,1,2,3,4,5,6,7,8,9,10],"date":["Apr 2002","May 2002","Jun 2002","Jul 2002","Aug 2002","Sep 2002","Oct 2002","Nov 2002","Dec 2002","Jan 2003","Feb 2003","Mar 2003","Apr 2003","May 2003","Jun 2003","Jul 2003","Aug 2003","Sep 2003","Oct 2003","Nov 2003","Dec 2003","Jan 2004","Feb 2004","Mar 2004","Apr 2004","May 2004","Jun 2004","Jul 2004","Aug 2004","Sep 2004","Oct 2004","Nov 2004","Dec 2004","Jan 2005","Feb 2005","Mar 2005","Apr 2005","May 2005","Jun 2005","Jul 2005","Aug 2005","Sep 2005","Oct 2005","Nov 2005","Dec 2005","Jan 2006","Feb 2006","Mar 2006","Apr 2006","May 2006","Jun 2006","Jul 2006","Aug 2006","Sep 2006","Oct 2006","Nov 2006","Dec 2006","Jan 2007","Feb 2007","Mar 2007","Apr 2007","May 2007","Jun 2007","Jul 2007","Aug 2007","Sep 2007","Oct 2007","Nov 2007","Dec 2007","Jan 2008","Feb 2008","Mar 2008","Apr 2008","May 2008","Jun 2008","Jul 2008","Aug 2008","Sep 2008","Oct 2008","Nov 2008","Dec 2008","Jan 2009","Feb 2009","Mar 2009","Apr 2009","May 2009","Jun 2009","Jul 2009","Aug 2009","Sep 2009","Oct 2009","Nov 2009","Dec 2009","Jan 2010","Feb 2010","Mar 2010","Apr 2010","May 2010","Jun 2010","Jul 2010","Aug 2010","Sep 2010","Oct 2010","Nov 2010","Dec 2010","Jan 2011","Feb 2011","Mar 2011","Apr 2011","May 2011","Jun 2011","Jul 2011","Aug 2011","Sep 2011","Oct 2011","Nov 2011","Dec 2011","Jan 2012","Feb 2012","Mar 2012","Apr 2012","May 2012","Jun 2012","Jul 2012","Aug 2012","Sep 2012","Oct 2012","Nov 2012","Dec 2012","Jan 2013","Feb 2013","Mar 2013","Apr 2013","May 2013","Jun 2013","Jul 2013","Aug 2013","Sep 2013","Oct 2013"]},"labels":[0.99,0.95,0.5,0.25]}