{"data":{"years":[2010,2011,2012,2013,2014],"X0.99":[1010596.92,1026111,651545.000000003,332960.129999999,83325.21],"X0.95":[275633.8,621703.8,399427.6,202746.5,68371.05],"X0.5":[89483,81353,36859,32738,11979.5],"X0.25":[31548,32211,10783.5,7517.5,2137]},"labels":[0.99,0.95,0.5,0.25]}