{"Confirmed":{"old_value":["0","0","Confirmed","Confirmed","Confirmed","Confirmed","Confirmed","Confirmed","Confirmed","Confirmed","0","Confirmed"],"new_value":["Confirmed","Expired","Fix Committed","Fix Released","In Progress","Incomplete","Invalid","New","Opinion","Triaged","Unknown","Wont Fix"],"issue":[0,0,1087,774,6004,279,729,84,36,511,0,193],"f":[0,0,0.11209652469836,0.0798185005671857,0.619160565123234,0.0287717850881716,0.0751778900690935,0.0086624729297721,0.00371248839847375,0.0526967103227802,0,0.0199030628029287]},"Expired":{"old_value":["Expired","0","0","Expired","Expired","Expired","0","Expired","0","0","0","0"],"new_value":["Confirmed","Expired","Fix Committed","Fix Released","In Progress","Incomplete","Invalid","New","Opinion","Triaged","Unknown","Wont Fix"],"issue":[11,0,0,1,3,1,0,5,0,0,0,0],"f":[0.523809523809524,0,0,0.0476190476190476,0.142857142857143,0.0476190476190476,0,0.238095238095238,0,0,0,0]},"Fix Committed":{"old_value":["Fix Committed","0","0","Fix Committed","Fix Committed","Fix Committed","Fix Committed","Fix Committed","Fix Committed","Fix Committed","0","Fix Committed"],"new_value":["Confirmed","Expired","Fix Committed","Fix Released","In Progress","Incomplete","Invalid","New","Opinion","Triaged","Unknown","Wont Fix"],"issue":[105,0,0,20109,721,31,55,71,3,62,0,17],"f":[0.00495891187305186,0,0,0.949702465287617,0.0340511948616227,0.00146405969585341,0.00259752526683669,0.00335316898082554,0.00014168319637291,0.00292811939170681,0,0.000802871446113158]},"Fix Released":{"old_value":["Fix Released","0","Fix Released","0","Fix Released","Fix Released","Fix Released","Fix Released","Fix Released","Fix Released","0","0"],"new_value":["Confirmed","Expired","Fix Committed","Fix Released","In Progress","Incomplete","Invalid","New","Opinion","Triaged","Unknown","Wont Fix"],"issue":[58,0,220,0,124,6,58,69,1,52,0,0],"f":[0.0986394557823129,0,0.374149659863946,0,0.210884353741497,0.0102040816326531,0.0986394557823129,0.11734693877551,0.00170068027210884,0.0884353741496599,0,0]},"In Progress":{"old_value":["In Progress","0","In Progress","In Progress","0","In Progress","In Progress","In Progress","In Progress","In Progress","0","In Progress"],"new_value":["Confirmed","Expired","Fix Committed","Fix Released","In Progress","Incomplete","Invalid","New","Opinion","Triaged","Unknown","Wont Fix"],"issue":[532,0,19481,2621,0,226,872,216,41,315,0,258],"f":[0.0216594739842032,0,0.793135738132074,0.106709551339467,0,0.0092012051135901,0.0355019949515512,0.00879407214396222,0.00166924517547431,0.0128246885432782,0,0.0105040306163993]},"Incomplete":{"old_value":["Incomplete","Incomplete","Incomplete","Incomplete","Incomplete","0","Incomplete","Incomplete","Incomplete","Incomplete","0","Incomplete"],"new_value":["Confirmed","Expired","Fix Committed","Fix Released","In Progress","Incomplete","Invalid","New","Opinion","Triaged","Unknown","Wont Fix"],"issue":[481,290,70,87,252,0,877,292,38,148,0,85],"f":[0.183587786259542,0.110687022900763,0.0267175572519084,0.033206106870229,0.0961832061068702,0,0.334732824427481,0.111450381679389,0.0145038167938931,0.0564885496183206,0,0.0324427480916031]},"Invalid":{"old_value":["Invalid","0","Invalid","Invalid","Invalid","Invalid","0","Invalid","Invalid","Invalid","0","Invalid"],"new_value":["Confirmed","Expired","Fix Committed","Fix Released","In Progress","Incomplete","Invalid","New","Opinion","Triaged","Unknown","Wont Fix"],"issue":[178,0,31,27,131,77,0,200,17,42,0,22],"f":[0.24551724137931,0,0.0427586206896552,0.0372413793103448,0.180689655172414,0.106206896551724,0,0.275862068965517,0.023448275862069,0.0579310344827586,0,0.0303448275862069]},"New":{"old_value":["New","0","New","New","New","New","New","0","New","New","New","New"],"new_value":["Confirmed","Expired","Fix Committed","Fix Released","In Progress","Incomplete","Invalid","New","Opinion","Triaged","Unknown","Wont Fix"],"issue":[9527,0,2616,1945,17849,2574,3270,0,186,4976,1,425],"f":[0.219673038345362,0,0.0603195831123614,0.0448477022758191,0.411561253429869,0.0593511494385391,0.0753994788904517,0,0.00428877769835597,0.11473633240333,2.3057944614817e-05,0.00979962646129724]},"Opinion":{"old_value":["Opinion","0","Opinion","Opinion","Opinion","Opinion","Opinion","Opinion","0","Opinion","0","Opinion"],"new_value":["Confirmed","Expired","Fix Committed","Fix Released","In Progress","Incomplete","Invalid","New","Opinion","Triaged","Unknown","Wont Fix"],"issue":[25,0,1,4,29,13,31,17,0,8,0,5],"f":[0.18796992481203,0,0.0075187969924812,0.0300751879699248,0.218045112781955,0.0977443609022556,0.233082706766917,0.12781954887218,0,0.0601503759398496,0,0.037593984962406]},"Triaged":{"old_value":["Triaged","0","Triaged","Triaged","Triaged","Triaged","Triaged","Triaged","Triaged","0","0","Triaged"],"new_value":["Confirmed","Expired","Fix Committed","Fix Released","In Progress","Incomplete","Invalid","New","Opinion","Triaged","Unknown","Wont Fix"],"issue":[159,0,429,402,3577,117,337,21,24,0,0,242],"f":[0.0299547852298417,0,0.0808214016578749,0.0757347400150716,0.67388847023361,0.0220422004521477,0.0634890730972118,0.00395629238884702,0.00452147701582517,0,0,0.0455915599095705]},"Unknown":{"old_value":["Unknown","0","0","Unknown","0","0","0","Unknown","0","0","0","0"],"new_value":["Confirmed","Expired","Fix Committed","Fix Released","In Progress","Incomplete","Invalid","New","Opinion","Triaged","Unknown","Wont Fix"],"issue":[2,0,0,6,0,0,0,4,0,0,0,0],"f":[0.166666666666667,0,0,0.5,0,0,0,0.333333333333333,0,0,0,0]},"Wont Fix":{"old_value":[0,0,0,0,0,0,0,0,0,0,0,0],"new_value":["Confirmed","Expired","Fix Committed","Fix Released","In Progress","Incomplete","Invalid","New","Opinion","Triaged","Unknown","Wont Fix"],"issue":[0,0,0,0,0,0,0,0,0,0,0,0],"f":[0,0,0,0,0,0,0,0,0,0,0,0]}}