{"Confirmed":{"old_value":["0","0","Confirmed","Confirmed","Confirmed","Confirmed","Confirmed","Confirmed","Confirmed","Confirmed","0","Confirmed"],"new_value":["Confirmed","Expired","Fix Committed","Fix Released","In Progress","Incomplete","Invalid","New","Opinion","Triaged","Unknown","Wont Fix"],"issue":[0,0,1208,886,6743,333,810,98,38,676,0,213],"f":[0,0,0.109768287142208,0.0805088596092685,0.612721490231713,0.0302589731940027,0.0736029077691958,0.008905043162199,0.00345297592003635,0.0614266242616992,0,0.0193548387096774]},"Expired":{"old_value":["Expired","0","0","Expired","Expired","Expired","0","Expired","Expired","0","0","0"],"new_value":["Confirmed","Expired","Fix Committed","Fix Released","In Progress","Incomplete","Invalid","New","Opinion","Triaged","Unknown","Wont Fix"],"issue":[11,0,0,1,3,2,0,8,1,0,0,0],"f":[0.423076923076923,0,0,0.0384615384615385,0.115384615384615,0.0769230769230769,0,0.307692307692308,0.0384615384615385,0,0,0]},"Fix Committed":{"old_value":["Fix Committed","0","0","Fix Committed","Fix Committed","Fix Committed","Fix Committed","Fix Committed","Fix Committed","Fix Committed","0","Fix Committed"],"new_value":["Confirmed","Expired","Fix Committed","Fix Released","In Progress","Incomplete","Invalid","New","Opinion","Triaged","Unknown","Wont Fix"],"issue":[124,0,0,22708,815,34,61,81,5,81,0,17],"f":[0.00518264649335451,0,0,0.949093036863663,0.0340633620329349,0.00142104823204882,0.00254952771044052,0.00338543843517512,0.00020897768118365,0.00338543843517512,0,0.000710524116024409]},"Fix Released":{"old_value":["Fix Released","0","Fix Released","0","Fix Released","Fix Released","Fix Released","Fix Released","Fix Released","Fix Released","0","0"],"new_value":["Confirmed","Expired","Fix Committed","Fix Released","In Progress","Incomplete","Invalid","New","Opinion","Triaged","Unknown","Wont Fix"],"issue":[65,0,251,0,142,7,63,75,1,56,0,0],"f":[0.0984848484848485,0,0.38030303030303,0,0.215151515151515,0.0106060606060606,0.0954545454545455,0.113636363636364,0.00151515151515152,0.0848484848484849,0,0]},"In Progress":{"old_value":["In Progress","0","In Progress","In Progress","0","In Progress","In Progress","In Progress","In Progress","In Progress","0","In Progress"],"new_value":["Confirmed","Expired","Fix Committed","Fix Released","In Progress","Incomplete","Invalid","New","Opinion","Triaged","Unknown","Wont Fix"],"issue":[604,0,22139,3108,0,285,986,247,51,363,0,276],"f":[0.0215260700666453,0,0.789016001995795,0.110766598952208,0,0.0101571688228376,0.0351402402081329,0.00880287964645925,0.00181759863145515,0.0129370255532984,0,0.00983641612316904]},"Incomplete":{"old_value":["Incomplete","Incomplete","Incomplete","Incomplete","Incomplete","0","Incomplete","Incomplete","Incomplete","Incomplete","0","Incomplete"],"new_value":["Confirmed","Expired","Fix Committed","Fix Released","In Progress","Incomplete","Invalid","New","Opinion","Triaged","Unknown","Wont Fix"],"issue":[559,339,74,99,285,0,1039,354,44,172,0,113],"f":[0.181611435997401,0.110136452241715,0.0240415854450942,0.0321637426900585,0.0925925925925926,0,0.337556855100715,0.115009746588694,0.0142949967511371,0.0558804418453541,0,0.0367121507472385]},"Invalid":{"old_value":["Invalid","0","Invalid","Invalid","Invalid","Invalid","0","Invalid","Invalid","Invalid","0","Invalid"],"new_value":["Confirmed","Expired","Fix Committed","Fix Released","In Progress","Incomplete","Invalid","New","Opinion","Triaged","Unknown","Wont Fix"],"issue":[209,0,36,27,154,87,0,234,23,53,0,26],"f":[0.246171967020024,0,0.0424028268551237,0.0318021201413428,0.181389870435807,0.102473498233216,0,0.275618374558304,0.0270906949352179,0.0624263839811543,0,0.0306242638398115]},"New":{"old_value":["New","0","New","New","New","New","New","0","New","New","New","New"],"new_value":["Confirmed","Expired","Fix Committed","Fix Released","In Progress","Incomplete","Invalid","New","Opinion","Triaged","Unknown","Wont Fix"],"issue":[10768,0,2957,2032,20160,3016,3729,0,208,5807,1,486],"f":[0.219022048653486,0,0.0601456350174925,0.0413310552436742,0.410056138638028,0.0613457001057684,0.07584818159629,0,0.00423073793832886,0.118114880807095,2.03400862419657e-05,0.00988528191359531]},"Opinion":{"old_value":["Opinion","0","Opinion","Opinion","Opinion","Opinion","Opinion","Opinion","0","Opinion","0","Opinion"],"new_value":["Confirmed","Expired","Fix Committed","Fix Released","In Progress","Incomplete","Invalid","New","Opinion","Triaged","Unknown","Wont Fix"],"issue":[27,0,2,4,36,16,39,19,0,11,0,5],"f":[0.169811320754717,0,0.0125786163522013,0.0251572327044025,0.226415094339623,0.10062893081761,0.245283018867925,0.119496855345912,0,0.0691823899371069,0,0.0314465408805031]},"Triaged":{"old_value":["Triaged","0","Triaged","Triaged","Triaged","Triaged","Triaged","Triaged","Triaged","0","0","Triaged"],"new_value":["Confirmed","Expired","Fix Committed","Fix Released","In Progress","Incomplete","Invalid","New","Opinion","Triaged","Unknown","Wont Fix"],"issue":[173,0,494,452,4130,154,394,27,26,0,0,259],"f":[0.0283188737927648,0,0.0808642985758717,0.0739891962678016,0.676051726960223,0.0252087084629236,0.0644950073661811,0.00441970862661647,0.00425601571451956,0,0,0.0423964642330987]},"Unknown":{"old_value":["Unknown","0","0","Unknown","0","0","0","Unknown","0","0","0","0"],"new_value":["Confirmed","Expired","Fix Committed","Fix Released","In Progress","Incomplete","Invalid","New","Opinion","Triaged","Unknown","Wont Fix"],"issue":[2,0,0,6,0,0,0,4,0,0,0,0],"f":[0.166666666666667,0,0,0.5,0,0,0,0.333333333333333,0,0,0,0]},"Wont Fix":{"old_value":[0,0,0,0,0,0,0,0,0,0,0,0],"new_value":["Confirmed","Expired","Fix Committed","Fix Released","In Progress","Incomplete","Invalid","New","Opinion","Triaged","Unknown","Wont Fix"],"issue":[0,0,0,0,0,0,0,0,0,0,0,0],"f":[0,0,0,0,0,0,0,0,0,0,0,0]}}