{"data":{"years":[2010,2011,2012,2013,2014],"X0.99":[401.94,172643.16,24641.5600000001,19454.6,15788.8000000001],"X0.95":[401.7,4120.4,6145.8,5722.2,5934.5],"X0.5":[336,165,205,198,146],"X0.25":[270.75,42,37,36,33]},"labels":[0.99,0.95,0.5,0.25]}