{"data":{"years":[2010,2011,2012],"X0.99":[1.19374e+06,679443,280936],"X0.95":[1.18123e+06,356175,144149],"X0.5":[867196,14385,9811.5],"X0.25":[722327,1692,316.25]},"labels":[0.99,0.95,0.5,0.25]}