{"Confirmed":{"old_value":["0","0","Confirmed","Confirmed","Confirmed","Confirmed","Confirmed","Confirmed","Confirmed","Confirmed","0","Confirmed"],"new_value":["Confirmed","Expired","Fix Committed","Fix Released","In Progress","Incomplete","Invalid","New","Opinion","Triaged","Unknown","Wont Fix"],"issue":[0,0,1293,933,7291,401,877,117,42,772,0,242],"f":[0,0,0.108038101604278,0.0779578877005348,0.609207887700535,0.0335060160427808,0.073278743315508,0.00977606951871658,0.00350935828877005,0.0645053475935829,0,0.0202205882352941]},"Expired":{"old_value":["Expired","0","0","Expired","Expired","Expired","Expired","Expired","Expired","0","0","0"],"new_value":["Confirmed","Expired","Fix Committed","Fix Released","In Progress","Incomplete","Invalid","New","Opinion","Triaged","Unknown","Wont Fix"],"issue":[11,0,0,1,3,2,1,10,1,0,0,0],"f":[0.379310344827586,0,0,0.0344827586206897,0.103448275862069,0.0689655172413793,0.0344827586206897,0.344827586206897,0.0344827586206897,0,0,0]},"Fix Committed":{"old_value":["Fix Committed","0","0","Fix Committed","Fix Committed","Fix Committed","Fix Committed","Fix Committed","Fix Committed","Fix Committed","0","Fix Committed"],"new_value":["Confirmed","Expired","Fix Committed","Fix Released","In Progress","Incomplete","Invalid","New","Opinion","Triaged","Unknown","Wont Fix"],"issue":[153,0,0,24580,868,35,63,85,5,101,0,21],"f":[0.00590482806530045,0,0,0.948631855196635,0.0334992860175215,0.00135077766199684,0.0024313997915943,0.00328046003627803,0.000192968237428119,0.00389795839604801,0,0.000810466597198101]},"Fix Released":{"old_value":["Fix Released","0","Fix Released","0","Fix Released","Fix Released","Fix Released","Fix Released","Fix Released","Fix Released","0","Fix Released"],"new_value":["Confirmed","Expired","Fix Committed","Fix Released","In Progress","Incomplete","Invalid","New","Opinion","Triaged","Unknown","Wont Fix"],"issue":[78,0,260,0,144,8,64,80,1,64,0,1],"f":[0.111428571428571,0,0.371428571428571,0,0.205714285714286,0.0114285714285714,0.0914285714285714,0.114285714285714,0.00142857142857143,0.0914285714285714,0,0.00142857142857143]},"In Progress":{"old_value":["In Progress","0","In Progress","In Progress","0","In Progress","In Progress","In Progress","In Progress","In Progress","0","In Progress"],"new_value":["Confirmed","Expired","Fix Committed","Fix Released","In Progress","Incomplete","Invalid","New","Opinion","Triaged","Unknown","Wont Fix"],"issue":[666,0,23674,3384,0,314,1078,286,60,405,0,288],"f":[0.0220858895705521,0,0.785077101641519,0.112220195655778,0,0.0104128668545846,0.0357486320676505,0.0094843309567236,0.00198971978113082,0.0134306085226331,0,0.00955065494942796]},"Incomplete":{"old_value":["Incomplete","Incomplete","Incomplete","Incomplete","Incomplete","0","Incomplete","Incomplete","Incomplete","Incomplete","0","Incomplete"],"new_value":["Confirmed","Expired","Fix Committed","Fix Released","In Progress","Incomplete","Invalid","New","Opinion","Triaged","Unknown","Wont Fix"],"issue":[619,403,79,112,323,0,1132,377,46,189,0,129],"f":[0.181578175418011,0.118216485772954,0.0231739513053681,0.0328542094455852,0.0947491933118216,0,0.332062188325022,0.110589615723086,0.0134936931651511,0.0554414784394251,0,0.0378410090935758]},"Invalid":{"old_value":["Invalid","0","Invalid","Invalid","Invalid","Invalid","0","Invalid","Invalid","Invalid","0","Invalid"],"new_value":["Confirmed","Expired","Fix Committed","Fix Released","In Progress","Incomplete","Invalid","New","Opinion","Triaged","Unknown","Wont Fix"],"issue":[227,0,38,35,163,95,0,261,25,69,0,28],"f":[0.241232731137088,0,0.0403825717321998,0.0371944739638682,0.173219978746015,0.100956429330499,0,0.277364505844846,0.026567481402763,0.0733262486716259,0,0.0297555791710946]},"New":{"old_value":["New","0","New","New","New","New","New","0","New","New","New","New"],"new_value":["Confirmed","Expired","Fix Committed","Fix Released","In Progress","Incomplete","Invalid","New","Opinion","Triaged","Unknown","Wont Fix"],"issue":[11651,0,3320,2083,21859,3375,4076,0,227,6270,1,542],"f":[0.218167178488503,0,0.0621676278930417,0.0390045689461464,0.409313909070482,0.0631975132948843,0.0763238708710958,0,0.00425061793124111,0.117406935810052,1.87251891244102e-05,0.0101490525054303]},"Opinion":{"old_value":["Opinion","0","Opinion","Opinion","Opinion","Opinion","Opinion","Opinion","0","Opinion","0","Opinion"],"new_value":["Confirmed","Expired","Fix Committed","Fix Released","In Progress","Incomplete","Invalid","New","Opinion","Triaged","Unknown","Wont Fix"],"issue":[28,0,2,4,40,16,41,19,0,11,0,7],"f":[0.166666666666667,0,0.0119047619047619,0.0238095238095238,0.238095238095238,0.0952380952380952,0.244047619047619,0.113095238095238,0,0.0654761904761905,0,0.0416666666666667]},"Triaged":{"old_value":["Triaged","0","Triaged","Triaged","Triaged","Triaged","Triaged","Triaged","Triaged","0","0","Triaged"],"new_value":["Confirmed","Expired","Fix Committed","Fix Released","In Progress","Incomplete","Invalid","New","Opinion","Triaged","Unknown","Wont Fix"],"issue":[187,0,559,496,4514,175,425,34,27,0,0,274],"f":[0.0279479898370946,0,0.0835450605290689,0.0741294275892991,0.674637572859064,0.0261545359438051,0.0635181587206696,0.00508145269765356,0.00403527125990136,0,0,0.0409505305634434]},"Unknown":{"old_value":["Unknown","0","0","Unknown","0","0","0","Unknown","0","0","0","0"],"new_value":["Confirmed","Expired","Fix Committed","Fix Released","In Progress","Incomplete","Invalid","New","Opinion","Triaged","Unknown","Wont Fix"],"issue":[2,0,0,6,0,0,0,4,0,0,0,0],"f":[0.166666666666667,0,0,0.5,0,0,0,0.333333333333333,0,0,0,0]},"Wont Fix":{"old_value":[0,0,0,0,0,0,0,0,0,0,0,0],"new_value":["Confirmed","Expired","Fix Committed","Fix Released","In Progress","Incomplete","Invalid","New","Opinion","Triaged","Unknown","Wont Fix"],"issue":[0,0,0,0,0,0,0,0,0,0,0,0],"f":[0,0,0,0,0,0,0,0,0,0,0,0]}}