{"Confirmed":{"old_value":["0","0","Confirmed","Confirmed","Confirmed","Confirmed","Confirmed","Confirmed","Confirmed","Confirmed","0","Confirmed"],"new_value":["Confirmed","Expired","Fix Committed","Fix Released","In Progress","Incomplete","Invalid","New","Opinion","Triaged","Unknown","Wont Fix"],"issue":[0,0,1348,962,7642,461,956,127,49,852,0,267],"f":[0,0,0.106443461781428,0.0759633607075174,0.603442830069488,0.0364024005053696,0.0754895767530006,0.010028427037271,0.00386923562855338,0.0672773215413771,0,0.0210833859759949]},"Expired":{"old_value":["Expired","0","0","Expired","Expired","Expired","Expired","Expired","Expired","0","0","0"],"new_value":["Confirmed","Expired","Fix Committed","Fix Released","In Progress","Incomplete","Invalid","New","Opinion","Triaged","Unknown","Wont Fix"],"issue":[11,0,0,1,3,4,1,10,1,0,0,0],"f":[0.354838709677419,0,0,0.032258064516129,0.0967741935483871,0.129032258064516,0.032258064516129,0.32258064516129,0.032258064516129,0,0,0]},"Fix Committed":{"old_value":["Fix Committed","0","0","Fix Committed","Fix Committed","Fix Committed","Fix Committed","Fix Committed","Fix Committed","Fix Committed","0","Fix Committed"],"new_value":["Confirmed","Expired","Fix Committed","Fix Released","In Progress","Incomplete","Invalid","New","Opinion","Triaged","Unknown","Wont Fix"],"issue":[171,0,0,24895,910,38,64,86,5,112,0,22],"f":[0.00650115956354788,0,0,0.946469984412424,0.0345968140516291,0.00144470212523286,0.00243318252670798,0.00326958902026385,0.000190092384899061,0.00425806942173897,0,0.000836406493555868]},"Fix Released":{"old_value":["Fix Released","0","Fix Released","0","Fix Released","Fix Released","Fix Released","Fix Released","Fix Released","Fix Released","0","Fix Released"],"new_value":["Confirmed","Expired","Fix Committed","Fix Released","In Progress","Incomplete","Invalid","New","Opinion","Triaged","Unknown","Wont Fix"],"issue":[84,0,276,0,149,8,66,83,1,67,0,2],"f":[0.114130434782609,0,0.375,0,0.202445652173913,0.0108695652173913,0.0896739130434783,0.112771739130435,0.00135869565217391,0.0910326086956522,0,0.00271739130434783]},"In Progress":{"old_value":["In Progress","0","In Progress","In Progress","0","In Progress","In Progress","In Progress","In Progress","In Progress","0","In Progress"],"new_value":["Confirmed","Expired","Fix Committed","Fix Released","In Progress","Incomplete","Invalid","New","Opinion","Triaged","Unknown","Wont Fix"],"issue":[691,0,24801,3580,0,354,1139,321,83,491,0,309],"f":[0.021750763322736,0,0.780666687651484,0.112688469892033,0,0.011142938084296,0.0358525606723536,0.0101041896188108,0.00261260977682647,0.015455318077371,0,0.00972646290408889]},"Incomplete":{"old_value":["Incomplete","Incomplete","Incomplete","Incomplete","Incomplete","0","Incomplete","Incomplete","Incomplete","Incomplete","0","Incomplete"],"new_value":["Confirmed","Expired","Fix Committed","Fix Released","In Progress","Incomplete","Invalid","New","Opinion","Triaged","Unknown","Wont Fix"],"issue":[678,430,84,114,341,0,1207,398,49,198,0,140],"f":[0.186314921681781,0.118164330860126,0.023083264633141,0.0313272877164056,0.0937070623797747,0,0.33168452871668,0.109370706237977,0.0134652377026656,0.0544105523495466,0,0.0384721077219016]},"Invalid":{"old_value":["Invalid","0","Invalid","Invalid","Invalid","Invalid","0","Invalid","Invalid","Invalid","0","Invalid"],"new_value":["Confirmed","Expired","Fix Committed","Fix Released","In Progress","Incomplete","Invalid","New","Opinion","Triaged","Unknown","Wont Fix"],"issue":[240,0,41,37,171,105,0,273,26,75,0,33],"f":[0.23976023976024,0,0.040959040959041,0.036963036963037,0.170829170829171,0.104895104895105,0,0.272727272727273,0.025974025974026,0.0749250749250749,0,0.032967032967033]},"New":{"old_value":["New","0","New","New","New","New","New","0","New","New","New","New"],"new_value":["Confirmed","Expired","Fix Committed","Fix Released","In Progress","Incomplete","Invalid","New","Opinion","Triaged","Unknown","Wont Fix"],"issue":[12361,0,3395,2122,22788,3605,4298,0,251,6585,1,568],"f":[0.220834673241148,0,0.0606531603958981,0.0379104584271269,0.407117590309787,0.0644049022760567,0.0767856504805803,0,0.00448422481866581,0.11764390609926,1.7865437524565e-05,0.0101475685139529]},"Opinion":{"old_value":["Opinion","0","Opinion","Opinion","Opinion","Opinion","Opinion","Opinion","0","Opinion","0","Opinion"],"new_value":["Confirmed","Expired","Fix Committed","Fix Released","In Progress","Incomplete","Invalid","New","Opinion","Triaged","Unknown","Wont Fix"],"issue":[28,0,2,5,42,16,42,21,0,12,0,8],"f":[0.159090909090909,0,0.0113636363636364,0.0284090909090909,0.238636363636364,0.0909090909090909,0.238636363636364,0.119318181818182,0,0.0681818181818182,0,0.0454545454545455]},"Triaged":{"old_value":["Triaged","0","Triaged","Triaged","Triaged","Triaged","Triaged","Triaged","Triaged","0","0","Triaged"],"new_value":["Confirmed","Expired","Fix Committed","Fix Released","In Progress","Incomplete","Invalid","New","Opinion","Triaged","Unknown","Wont Fix"],"issue":[199,0,614,534,4772,191,471,36,42,0,0,291],"f":[0.0278321678321678,0,0.0858741258741259,0.0746853146853147,0.667412587412587,0.0267132867132867,0.0658741258741259,0.00503496503496503,0.00587412587412587,0,0,0.0406993006993007]},"Unknown":{"old_value":["Unknown","0","0","Unknown","0","0","0","Unknown","0","0","0","0"],"new_value":["Confirmed","Expired","Fix Committed","Fix Released","In Progress","Incomplete","Invalid","New","Opinion","Triaged","Unknown","Wont Fix"],"issue":[2,0,0,6,0,0,0,4,0,0,0,0],"f":[0.166666666666667,0,0,0.5,0,0,0,0.333333333333333,0,0,0,0]},"Wont Fix":{"old_value":[0,0,0,0,0,0,0,0,0,0,0,0],"new_value":["Confirmed","Expired","Fix Committed","Fix Released","In Progress","Incomplete","Invalid","New","Opinion","Triaged","Unknown","Wont Fix"],"issue":[0,0,0,0,0,0,0,0,0,0,0,0],"f":[0,0,0,0,0,0,0,0,0,0,0,0]}}