{"data":{"years":[2004,2005,2006,2007,2008,2009,2010,2011,2012,2013],"X0.99":[3509558.4,3379869.93,2904742.1,2724542.62,2292857.35,2079776.8,1528899.24,1060499.62,579154.600000003,223662.21],"X0.95":[2188898.6,2043941.1,1739941.1,1716883.64999999,1376980.95,1492976,1266564.2,753687.45,377009.5,122004.65],"X0.5":[45542,10142.5,1555.5,2934,5001,7655,13518,6934,15853,7567.5],"X0.25":[716,253.5,115.75,145,279.75,414.5,527,396,1205.75,726.25]},"labels":[0.99,0.95,0.5,0.25]}