{"Confirmed":{"old_value":["0","0","Confirmed","Confirmed","Confirmed","Confirmed","Confirmed","Confirmed","Confirmed","Confirmed","0","Confirmed"],"new_value":["Confirmed","Expired","Fix Committed","Fix Released","In Progress","Incomplete","Invalid","New","Opinion","Triaged","Unknown","Wont Fix"],"issue":[0,0,1343,958,7588,443,949,126,44,847,0,264],"f":[0,0,0.106909727750358,0.0762617417608661,0.604043942047445,0.0352650851775195,0.0755452953351377,0.0100302499601974,0.00350262697022767,0.0674255691768827,0,0.021015761821366]},"Expired":{"old_value":["Expired","0","0","Expired","Expired","Expired","Expired","Expired","Expired","0","0","0"],"new_value":["Confirmed","Expired","Fix Committed","Fix Released","In Progress","Incomplete","Invalid","New","Opinion","Triaged","Unknown","Wont Fix"],"issue":[11,0,0,1,3,3,1,10,1,0,0,0],"f":[0.366666666666667,0,0,0.0333333333333333,0.1,0.1,0.0333333333333333,0.333333333333333,0.0333333333333333,0,0,0]},"Fix Committed":{"old_value":["Fix Committed","0","0","Fix Committed","Fix Committed","Fix Committed","Fix Committed","Fix Committed","Fix Committed","Fix Committed","0","Fix Committed"],"new_value":["Confirmed","Expired","Fix Committed","Fix Released","In Progress","Incomplete","Invalid","New","Opinion","Triaged","Unknown","Wont Fix"],"issue":[170,0,0,24807,900,38,64,86,5,111,0,22],"f":[0.0064878067396863,0,0,0.946723657596458,0.0343472121512804,0.00145021562416517,0.00244246841964661,0.00328206693890013,0.000190817845284891,0.00423615616532458,0,0.000839598519253521]},"Fix Released":{"old_value":["Fix Released","0","Fix Released","0","Fix Released","Fix Released","Fix Released","Fix Released","Fix Released","Fix Released","0","Fix Released"],"new_value":["Confirmed","Expired","Fix Committed","Fix Released","In Progress","Incomplete","Invalid","New","Opinion","Triaged","Unknown","Wont Fix"],"issue":[84,0,273,0,148,8,66,82,1,67,0,2],"f":[0.114911080711354,0,0.373461012311901,0,0.202462380300958,0.0109439124487004,0.0902872777017784,0.112175102599179,0.00136798905608755,0.0916552667578659,0,0.0027359781121751]},"In Progress":{"old_value":["In Progress","0","In Progress","In Progress","0","In Progress","In Progress","In Progress","In Progress","In Progress","0","In Progress"],"new_value":["Confirmed","Expired","Fix Committed","Fix Released","In Progress","Incomplete","Invalid","New","Opinion","Triaged","Unknown","Wont Fix"],"issue":[685,0,24665,3552,0,329,1129,306,62,467,0,305],"f":[0.0217460317460317,0,0.783015873015873,0.112761904761905,0,0.0104444444444444,0.0358412698412698,0.00971428571428571,0.00196825396825397,0.0148253968253968,0,0.00968253968253968]},"Incomplete":{"old_value":["Incomplete","Incomplete","Incomplete","Incomplete","Incomplete","0","Incomplete","Incomplete","Incomplete","Incomplete","0","Incomplete"],"new_value":["Confirmed","Expired","Fix Committed","Fix Released","In Progress","Incomplete","Invalid","New","Opinion","Triaged","Unknown","Wont Fix"],"issue":[669,426,84,114,335,0,1199,394,46,198,0,139],"f":[0.185627081021088,0.118201997780244,0.02330743618202,0.0316315205327414,0.0929522752497225,0,0.332685904550499,0.109322974472808,0.0127635960044395,0.0549389567147614,0,0.0385682574916759]},"Invalid":{"old_value":["Invalid","0","Invalid","Invalid","Invalid","Invalid","0","Invalid","Invalid","Invalid","0","Invalid"],"new_value":["Confirmed","Expired","Fix Committed","Fix Released","In Progress","Incomplete","Invalid","New","Opinion","Triaged","Unknown","Wont Fix"],"issue":[237,0,40,37,171,101,0,272,26,74,0,33],"f":[0.239152371342079,0,0.0403632694248234,0.0373360242179617,0.17255297679112,0.101917255297679,0,0.274470232088799,0.0262361251261352,0.0746720484359233,0,0.0332996972754793]},"New":{"old_value":["New","0","New","New","New","New","New","0","New","New","New","New"],"new_value":["Confirmed","Expired","Fix Committed","Fix Released","In Progress","Incomplete","Invalid","New","Opinion","Triaged","Unknown","Wont Fix"],"issue":[12262,0,3374,2118,22661,3569,4262,0,250,6562,1,563],"f":[0.220452339002553,0,0.0606594512962497,0.0380784581640358,0.407410736758836,0.0641652583510122,0.0766243572687066,0,0.0044946244291827,0.117974902017187,1.79784977167308e-05,0.0101218942145194]},"Opinion":{"old_value":["Opinion","0","Opinion","Opinion","Opinion","Opinion","Opinion","Opinion","0","Opinion","0","Opinion"],"new_value":["Confirmed","Expired","Fix Committed","Fix Released","In Progress","Incomplete","Invalid","New","Opinion","Triaged","Unknown","Wont Fix"],"issue":[28,0,2,5,42,16,41,21,0,12,0,8],"f":[0.16,0,0.0114285714285714,0.0285714285714286,0.24,0.0914285714285714,0.234285714285714,0.12,0,0.0685714285714286,0,0.0457142857142857]},"Triaged":{"old_value":["Triaged","0","Triaged","Triaged","Triaged","Triaged","Triaged","Triaged","Triaged","0","0","Triaged"],"new_value":["Confirmed","Expired","Fix Committed","Fix Released","In Progress","Incomplete","Invalid","New","Opinion","Triaged","Unknown","Wont Fix"],"issue":[198,0,608,528,4745,188,467,36,31,0,0,289],"f":[0.0279266572637518,0,0.0857545839210155,0.0744710860366714,0.669252468265162,0.0265162200282087,0.065867418899859,0.00507757404795487,0.00437235543018336,0,0,0.0407616361071932]},"Unknown":{"old_value":["Unknown","0","0","Unknown","0","0","0","Unknown","0","0","0","0"],"new_value":["Confirmed","Expired","Fix Committed","Fix Released","In Progress","Incomplete","Invalid","New","Opinion","Triaged","Unknown","Wont Fix"],"issue":[2,0,0,6,0,0,0,4,0,0,0,0],"f":[0.166666666666667,0,0,0.5,0,0,0,0.333333333333333,0,0,0,0]},"Wont Fix":{"old_value":[0,0,0,0,0,0,0,0,0,0,0,0],"new_value":["Confirmed","Expired","Fix Committed","Fix Released","In Progress","Incomplete","Invalid","New","Opinion","Triaged","Unknown","Wont Fix"],"issue":[0,0,0,0,0,0,0,0,0,0,0,0],"f":[0,0,0,0,0,0,0,0,0,0,0,0]}}