{"data":{"years":[2004,2005,2006,2007,2008,2009,2010,2011,2012,2013],"X0.99":[3509558.4,3379869.93,2936429.8,2766509.6,2342294.7,2107167.92,1547560.32,1073387.76,591950.24,218912.54],"X0.95":[2188898.6,2043941.1,1745663.8,1749407.3,1400094.25,1514903.2,1289904.95,769874.299999998,385710.799999999,113726],"X0.5":[45542,10142.5,1559,2953,5093.5,7754,13971.5,7459,17156,7030],"X0.25":[716,253.5,116,146,281.25,417,527.75,415,1343,699.75]},"labels":[0.99,0.95,0.5,0.25]}