{"data":{"years":[2005,2006,2007,2008,2009,2010,2011,2012,2013],"X0.99":[3.1134e+06,471479,1.5683e+06,0,0,0,772231,545711,178560],"X0.95":[3.06122e+06,450418,1.5683e+06,0,0,0,772231,510064,143543],"X0.5":[2.47423e+06,213479,1.5683e+06,0,0,0,772231,11046,13466],"X0.25":[2.14812e+06,127814,1.5683e+06,0,0,0,772231,823.5,569]},"labels":[0.99,0.95,0.5,0.25]}