{"data":{"years":[2002,2003,2004,2005,2006,2007,2008,2009,2010,2011,2012,2013],"X0.99":[6658.91,6446.19999999998,6761.51999999997,9110.99999999987,10725.3199999999,7597.50000000007,12887.2000000001,17578.63,22078.6,21885.4699999999,49570.1399999996,80965.05],"X0.95":[1642.1,1371.25,1864.85,2596,2189.8,2111,3270,4111.55,4501.5,4507.64999999999,9861.6,15656.25],"X0.5":[79.5,69,102,130,81,78,99,111.5,107,97,91,76],"X0.25":[23,19,25.75,32,18,18,22,25,25,20,12,9]},"labels":[0.99,0.95,0.5,0.25]}