{"data":{"years":[2002,2003,2004,2005,2006,2007,2008,2009,2010,2011,2012,2013],"X0.99":[6658.91,6611.68000000001,7017.63000000002,7543.60000000002,9272.10000000002,6983.01000000002,9856.9999999999,19531.7799999999,20686.96,20801.6,35396.0599999998,20176.2599999999],"X0.95":[1642.1,1418.6,2006.2,2401,2397.5,2010.7,2218.79999999999,3369.69999999999,5140.8,3955,5058.09999999999,5918.4],"X0.5":[79.5,68,111,131,93,73.5,80,77.5,99,88,94,80],"X0.25":[23,19,29,36,19,18.25,19,20,24,18,17,16]},"labels":[0.99,0.95,0.5,0.25]}